REQUISITION_ID,ALS_file_id
50257465,VA22B0495
50257468,VA22B2807
50257474,VA22B4916
50257466,VA22B6300
50257473,VA22B7525
50257467,VA22B9014
50257464,
50257469,
50257470,
50257471,
50257472,
50257475,
50257425,VA22B1707
50257423,VA22B2756
50257427,VA22B4493
50257424,VA22B5207
50257422,VA22B6513
50257418,VA22B8021
50257416,VA22B9291
50257426,VA22C0540
50257421,VA22C1836
50257419,VA22C4768
50257420,VA22C3221
50257417,VA22C5746
50257356,VA22A7021
50257358,VA22A8389
50257359,VA22A9455
50257360,VA22B0722
50257361,VA22B2145
50257362,N/A
50257363,VA22B4632
50257364,VA22B6201
50257365,VA22B7346
50257366,VA22B8493
50257367,VA22C0140
50257368,VA22C1128
50257372,VA22A7724
50257373,VA22A8712
50257374,VA22B0039
50257375,VA22B1351
50257376,VA22B2643
50257377,VA22B4023
50257378,VA22B5542
50257379,VA22B6567
50257380,VA22B7795
50257381,VA22B9012
,VA22C0624 ?
50257384,VA22C1834
50257382,
50257383,
50257385,
50257441,VA22B2547
50257440,VA22B4026
50257443,VA22B5682
50257445,VA22B7810
50257442,VA22B8789
50257444,VA22B9513
50257450,VA22C1147
50257447,VA22C3785
50257448,VA22C4371
50257446,VA22C4844
50257449,
50257451,
50257502,VA22B0995
50257503,VA22B2002
50257497,VA22B3345
50257501,VA22B4636
50257495,VA22B6078
50257499,VA22B7095
50257494,VA22B8414
50257498,VA22C0145
50257496,VA22C1162
50257500,VA22C2470
50257493,VA22C3826
50257492,VA22C5158
50257491,VA22B0994
50257490,VA22B2008
50257488,VA22B3293
50257481,VA22B4747
50257480,VA22B6081
50257489,VA22B7099
50257485,VA22B8411
50257486,VA22C0143
50257487,VA22C1161
50257483,VA22C2467
50257482,VA22C3815
50257484,VA22C5157
50257430,VA22B0771
50257432,VA22B1979
50257431,VA22B3399
50257428,VA22B4634
50257429,VA22B6200
50257434,VA22B7521
50257439,VA22B8328
50257436,VA22C0142
50257433,VA22C1140
50257437,VA22C3274
50257438,VA22C4637
50257435,
50257457,VA22A8481
50257452,VA22A9627
50257455,VA22B0093
50257456,VA22B0992
50257453,VA22B2656
50257454,VA22B3652
50257462,VA22B4918
50257461,VA22B5632
50257458,VA22B6855
50257478,VA22B7344
50257479,VA22B8579
50257460,VA22C0155
50257463,VA22C0659
50257459,VA22C1153
50257476,VA22C1986
50253201,VA22C4189
50260881,VA23A9443
50260880,VA23A9907
50260879,VA23B1256
50260883,VA23B2498
50260882,VA23B3771
50260888,VA23B5139
50260886,VA23B6648
50260884,VA23B7590
50260889,VA23B8198
50260887,VA23B9441
50260878,VA23C2692
50260885,VA23C1318
50262316,
50262317,VA23C4075
50260402,VA23B1442
50260396,VA23B2729
50260401,VA23B5320
50260398,VA23B6174
50260399,VA23B7404
50260404,VA23B7919
50260403,VA23B8465
50260405,VA23C0664
50260407,VA23C0949
50260397,VA23C2472
50260400,VA23C3098
50260406,N/A
50260384,VA23B0349
50260391,VA23B1793
50260395,VA23B2772
50260392,VA23B4210
50260394,VA23B5460
50260385,VA23B6581
50260388,VA23B7960
50260389,VA23B9175
50260387,VA23C0918
50260393,VA23C2288
50260386,VA23C3472
50260390,VA23C4526
50260483,VA23A7532
50260484,VA23A8256
50260482,VA23A9758
50260487,VA23B0968
50260486,VA23B2273
50260485,VA23B3372
50260481,VA23B4880
50260477,VA23B5800
50260480,VA23B7336
50260476,VA23B8616
50260479,VA23B9806
50260478,VA23C0952
50260488,Req not used 2023
50260922,VA23A8154
50260924,VA23A9607
50260921,VA23B0725
50260920,VA23B2239
50260925,VA23B3369
50260923,VA23B4884
50260917,VA23B5877
50260915,VA23B7280
50260914,VA23B8480
50260916,VA23B9974
50260919,VA23C2652
50260918,VA23C3864
50260897,VA23A8596
50260896,VA23B0445
50260901,VA23B1829
50260890,VA23B4993
50260892,VA23B6169
50260898,VA23B8755
50260891,VA23C2635
50260893,Req not used 2023?
50260894,Req not used 2023?
50260895,Req not used 2023?
50260899,Req not used 2023?
50260900,Req not used 2023?
50260493,VA23A7969
50260492,VA23A8857
50260494,VA23A9992
50260491,VA23B1421
50260489,VA23B2605
50260490,VA23B3918
50260499,VA23B5280
50260501,VA23B6371
50260496,VA23B7706
50260495,VA23B8874
50257382,VA23C0122
50257385,VA23C1432
50260497,Req not used 2023
50260498,Req not used 2023
50260500,Req not used 2023?
50260380,VA23B1147
50260378,VA23B2735
50260379,VA23B4246
50260383,VA23B5625
50260382,VA23B6668
50260377,VA23B7964
50260375,VA23B9810
50260376,VA23C1111
50260372,Req not used 2023
50260373,Req not used 2023
50260374,Req not used 2023
50260381,Req not used 2023
50260913,VA23A9210
50260909,VA23B0450
50260908,VA23B1730
50260910,VA23B3064
50260912,VA23B4385
50260911,VA23B5621
50260907,VA23B7023
50260906,VA23B8332
50260905,VA23B9526
50260904,VA23C0660
50260902,VA23C1925
50260903,VA23C3417
50260370,VA23B0748
50260371,VA23B1974
50260367,VA23B3306
50260369,VA23B4654
50260368,VA23B5797
50260366,VA23B7026
50260363,VA23B8325
50260361,VA23B9535
50260360,VA23C0958
50260362,VA23C4759
50260364,VA23C2147
50260365,VA23C3478
50260354,VA23B0747
50260355,VA23B1978
50260359,VA23B3291
50260356,VA23B4653
50260357,VA23B5794
50260358,VA23B7020
50260351,VA23B8323
50260353,VA23B9530
50260348,VA23C0954
50260349,VA23C3474
50260350,VA23C2143
50260352,VA23C4755
50260346,VA23B0660
50260345,VA23B2100
50260339,VA23B3283
50260341,VA23B4641
50260343,VA23B5896
50260344,VA23B7027
50260342,VA23B8614
50260338,VA23B9522
50260340,VA23C0919
50260347,VA23C2148
50260336,VA23C3677
50260337,Req not used 2023
50260413,VA23A8968
50257454,VA23A9603
50260412,VA23B1654
50260414,VA23B2108
50260411,VA23B3067
50260415,VA23B3923
50260420,VA23B5316
50260421,VA23B6545
50260416,VA23B7130 
50260422,VA23B8008
50260417,VA23B8258
50260419,VA23B8876
50260408,VA23C3763
50260409,Req not used 2023
50260410,VA23C1107
50260418,VA23C0270
50260423,VA23C2653
50263497,VA24A8452
50263502,VA24A9324
50263501,VA24B0642
50263499,VA24B1966
50263500,VA24B3495
50263498,VA24B4976
50263496,VA24B6378
50263503,VA24B7977
50263506,VA24B9670
50263504,VA24C1174
50263505,VA24C2980
50263507,VA24C4591
50263370,VA24A8449
50263371,VA24A9326
50263372,VA24B0645
50263374,VA24B1971
50263373,VA24B3500
50263375,VA24B4982
50263380,VA24B6380
50263381,VA24B7940
50263377,VA24B9668
50263379,VA24C1167
50263378,VA24C2979
50263376,VA24C4604
50263298,VA24A9699
50263300,VA24B0779
50263299,VA24B2232
50263301,VA24B3673
50263296,VA24B5300
50263302,VA24B6622
50263303,VA24B8298
50263304,VA24B9689
50263305,VA24C1361
50263306,VA24C2883
50263297,VA24C4536
50263307,VA24C6195
50263445,VA24B3987
50263443,VA24B5550
50263441,VA24B7187
50263444,VA24B9674
50263442,VA24C0673
50263446,VA24C1527
50263436,VA24C3283
50263447,VA24C3856
50263439,VA24C4739
50263438,VA24C6208
50263437,NOT USED 2024
50263440,NOT USED 2024
50263309,VA24A8533
50263308,VA24A9801
50263312,VA24B1269
50263310,VA24B2544
50263311,VA24B4075
50262316,VA24B6253
50263318,VA24C0093
50263316,VA24C1796
50263314,VA24C3360
50263317,VA24C5062
50263313,VA24C7347
50263315,NOT USED 2024
50263465,VA24C2911
50263463,VA24B0806
50263461,VA24B1967
50263466,VA24B7925
50263462,VA24B6393
50263459,VA24B3591
50263460,VA24C0151
50263457,VA24C4465
50263456,VA24D0115
50263458,VA24C8415
50263464,VA24D1641
50263467,VA24D2818
50263486,VA24B2795
50263481,VA24B6007
50263485,VA24B0033
50263488,VA24B7168
50263483,VA24B8725
50263480,VA24C3579
50263490,VA24C0296
50263484,VA24B4251
50263487,VA24B1569
50263489,VA24C5256
50263482,VA24C2077
50263491,VA24C6808
50263469,VA24B0036
50263470,VA24B1566
50263471,VA24B2791
50263477,VA24B4248
50263468,VA24B6005
50263478,VA24B7166
50263476,VA24B8723
50263475,VA24C0294
50263479,VA24C2074
50263472,VA24C3577
50263474,VA24C5254
50263473,VA24C6807
50263512,VA24A8815
50263509,VA24A9935
50263514,VA24B1380
50263513,VA24B2807
50263511,VA24B6117
50263515,VA24B7596
50263517,VA24B9062
50263516,VA24C0486
50263510,VA24C1994
50263518,VA24C4043
50263508,NOT USED 2024
50263519,VA24C5779
50263388,VA24A9464
50263391,VA24B0646
50263393,VA24B1990
50263387,VA24B3751
50263382,VA24B5381
50263386,VA24B6782
50263385,VA24B7912
50263390,VA24B9667
50263384,VA24C1068
50263392,VA24C3071
50263383,VA24C6196
50263389,VA24C7235
50263826,VA24A8442
50263816,VA24A9811
50263825,VA24B1808
50263827,VA24B3233
50263822,VA24B4362
50263818,VA24B6292
50263821,VA24B7306
50263819,VA24B8983
50263817,VA24C0476
50263823,VA24C2278
50263824,VA24C4636
50263820,VA24C7095
50263531,VA24B2532
50263521,VA24B3931
50263522,VA24B5542
50263524,VA24B7059
50263528,VA24B7656
50263529,VA24B8431
50263520,VA24B9975
50263530,VA24C0728
50263525,VA24C1691
50263527,VA24C3306
50263523,VA24C3863
50263526,NOT USED 2024
50266851,
50266853,
50266852,
50266850,
50267258,
50266848,
50267256,
50267264,
50266849,
50267259,
50267261,
50267262,
50267272,
50267271,
50267270,
50267267,
50267273,
50267269,
50268232,
50268233,
50268231,
50268230,
50268234,
50268235,
50266845,
50266842,
50267247,
50266844,
50266846,
50266843,
50267250,
50267248,
50266847,
50267252,
50267251,
50267253,
50266839,
50266838,
50266840,
50266841,
50266836,
50267236,
50267234,
50267238,
50266837,
50267239,
50267240,
50267237,
50267196,
50267186,
50267183,
50267184,
50267185,
50267182,
50267187,
50267195,
50267188,
50267193,
50267192,
50267194,
50267257,
50267263,
50267249,
50267254,
50267255,
50268243,
50268244,
50268242,
50268245,
50268241,
50267260,
50268240,
50266833,
50266830,
50266831,
50266832,
50266829,
50267314,
50267315,
50267319,
50266828,
50267318,
50267316,
50267317,
50266820,
50266816,
50266819,
50266817,
50266821,
50267304,
50267307,
50267305,
50267306,
50267308,
50263315,
50266818,
50266822,
50266825,
50266824,
50266823,
50266827,
50267300,
50267312,
50267299,
50267301,
50267313,
50266826,
50267298,
50267296,
50267297,
50267156,
50267157,
50267158,
50267159,
50267160,
50267161,
50267162,
50267163,
50267164,
50267165,
50267166,
50267167,
50267298,
50267173,
50267169,
50267170,
50267171,
50267172,
50267174,
50267175,
50267176,
50267177,
50267178,
50267179,
50267180,
50267243,
50267235,
50267231,
50267244,
50267246,
50267245,
50268254,
50268250,
50268253,
50268255,
50268252,
50268251,
